{
  "B0100G5O4U": 1759578031.774745,
  "B0037EEK7A": 1759578031.775744,
  "B017K9TKIQ": 1759578031.7877462,
  "B01LZ8VHN9": 1759578092.0473974,
  "B01MTB55WH": 1759578092.09246,
  "B01LXP5TXI": 1759578092.196786
}